{"openapi":"3.0.0","info":{"title":"Bulk Text Service Api Doc API Reference","version":"1.0.0","description":"All actions within our API service require a pre authorised access token, this can be generated from within your portal.","termsOfService":"","license":null,"contact":[],"x-logo":{"url":"https:\/\/bulk-text-service.co.uk\/uploads\/branding\/Bulk-Text-Service\/logo\/8BwlKxw7QpBpcTPK5nmcLNuk6KrqjWwlK2OjGlYx.png","altText":"Bulk Text Service Api Doc API Reference","backgroundColor":""}},"components":{"securitySchemes":{"BearerAuth":{"type":"http","scheme":"bearer","bearerFormat":"JWT"}},"schemas":[]},"servers":[{"url":"https:\/\/app.dbfb.test","description":"testing server."},{"url":"https:\/\/app.dbfb.test","description":"Documentation generator server."},{"url":"https:\/\/app.bulk-text-service.co.uk\/","description":"Production server."}],"paths":{"\/api\/profile":{"get":{"security":[{"BearerAuth":[]}],"tags":["Account management"],"operationId":"User Profile.","description":"","parameters":[{"in":"header","name":"Content-Type","description":"","required":true,"schema":{"type":"string","default":"application\/json","example":"application\/json"}},{"in":"header","name":"Accept","description":"","required":true,"schema":{"type":"string","default":"application\/json","example":"application\/json"}}],"responses":{"200":{"description":"success","content":{"application\/json":{"schema":{"type":"object","example":{"message":"Unauthenticated."}}}}}},"x-code-samples":[{"lang":"Bash","source":"curl -X GET -G \"https:\/\/app.dbfb.test\/api\/profile\" \\\n    -H \"Authorization: Bearer eyJ0eXAiOiJKV1QiLCJhbGciOiJIUzI1NiJ9.eyJpc3MiOiJod\" \\\n    -H \"Content-Type: application\/json\" \\\n    -H \"Accept: application\/json\"\n"},{"lang":"Javascript","source":"const url = new URL(\"https:\/\/app.dbfb.test\/api\/profile\");\n\nlet headers = {\n    \"Authorization\": \"Bearer eyJ0eXAiOiJKV1QiLCJhbGciOiJIUzI1NiJ9.eyJpc3MiOiJod\",\n    \"Content-Type\": \"application\/json\",\n    \"Accept\": \"application\/json\",\n}\n\nfetch(url, {\n    method: \"GET\",\n    headers: headers,\n})\n    .then(response => response.json())\n    .then(json => console.log(json));\n"},{"lang":"PHP","source":"$headers = [\n    \"Authorization\" => \"Bearer eyJ0eXAiOiJKV1QiLCJhbGciOiJIUzI1NiJ9.eyJpc3MiOiJod\",\n    \"Content-Type\" => \"application\/json\",\n    \"Accept\" => \"application\/json\",\n];\n\n\n$ch = curl_init(\"https:\/\/app.dbfb.test\/api\/profile\");\ncurl_setopt($ch, CURLOPT_HTTPHEADER, $headers);\ncurl_setopt($ch, CURLOPT_RETURNTRANSFER, true);\n\n$result = curl_exec($ch);\n$err = curl_error($ch);\ncurl_close($ch);\n\nif ($err) {\n  throw \\Exception($err);\n} else {\n  return $response;\n}\n"}]}},"\/api\/credits":{"get":{"security":[{"BearerAuth":[]}],"tags":["Credits"],"operationId":"Department Credits.","description":"","parameters":[{"in":"header","name":"Content-Type","description":"","required":true,"schema":{"type":"string","default":"application\/json","example":"application\/json"}},{"in":"header","name":"Accept","description":"","required":true,"schema":{"type":"string","default":"application\/json","example":"application\/json"}}],"responses":{"200":{"description":"success","content":{"application\/json":{"schema":{"type":"object","example":{"message":"Unauthenticated."}}}}}},"x-code-samples":[{"lang":"Bash","source":"curl -X GET -G \"https:\/\/app.dbfb.test\/api\/credits\" \\\n    -H \"Authorization: Bearer eyJ0eXAiOiJKV1QiLCJhbGciOiJIUzI1NiJ9.eyJpc3MiOiJod\" \\\n    -H \"Content-Type: application\/json\" \\\n    -H \"Accept: application\/json\"\n"},{"lang":"Javascript","source":"const url = new URL(\"https:\/\/app.dbfb.test\/api\/credits\");\n\nlet headers = {\n    \"Authorization\": \"Bearer eyJ0eXAiOiJKV1QiLCJhbGciOiJIUzI1NiJ9.eyJpc3MiOiJod\",\n    \"Content-Type\": \"application\/json\",\n    \"Accept\": \"application\/json\",\n}\n\nfetch(url, {\n    method: \"GET\",\n    headers: headers,\n})\n    .then(response => response.json())\n    .then(json => console.log(json));\n"},{"lang":"PHP","source":"$headers = [\n    \"Authorization\" => \"Bearer eyJ0eXAiOiJKV1QiLCJhbGciOiJIUzI1NiJ9.eyJpc3MiOiJod\",\n    \"Content-Type\" => \"application\/json\",\n    \"Accept\" => \"application\/json\",\n];\n\n\n$ch = curl_init(\"https:\/\/app.dbfb.test\/api\/credits\");\ncurl_setopt($ch, CURLOPT_HTTPHEADER, $headers);\ncurl_setopt($ch, CURLOPT_RETURNTRANSFER, true);\n\n$result = curl_exec($ch);\n$err = curl_error($ch);\ncurl_close($ch);\n\nif ($err) {\n  throw \\Exception($err);\n} else {\n  return $response;\n}\n"}]}},"\/api\/contacts":{"get":{"security":[{"BearerAuth":[]}],"tags":["Contacts"],"operationId":"Contacts","description":"Get a paginated list of users from your current department. Token Permissions may prevent this from working.","parameters":[{"in":"header","name":"Content-Type","description":"","required":true,"schema":{"type":"string","default":"application\/json","example":"application\/json"}},{"in":"header","name":"Accept","description":"","required":true,"schema":{"type":"string","default":"application\/json","example":"application\/json"}}],"responses":{"200":{"description":"success","content":{"application\/json":{"schema":{"type":"object","example":{"message":"Unauthenticated."}}}}}},"x-code-samples":[{"lang":"Bash","source":"curl -X GET -G \"https:\/\/app.dbfb.test\/api\/contacts\" \\\n    -H \"Authorization: Bearer eyJ0eXAiOiJKV1QiLCJhbGciOiJIUzI1NiJ9.eyJpc3MiOiJod\" \\\n    -H \"Content-Type: application\/json\" \\\n    -H \"Accept: application\/json\"\n"},{"lang":"Javascript","source":"const url = new URL(\"https:\/\/app.dbfb.test\/api\/contacts\");\n\nlet headers = {\n    \"Authorization\": \"Bearer eyJ0eXAiOiJKV1QiLCJhbGciOiJIUzI1NiJ9.eyJpc3MiOiJod\",\n    \"Content-Type\": \"application\/json\",\n    \"Accept\": \"application\/json\",\n}\n\nfetch(url, {\n    method: \"GET\",\n    headers: headers,\n})\n    .then(response => response.json())\n    .then(json => console.log(json));\n"},{"lang":"PHP","source":"$headers = [\n    \"Authorization\" => \"Bearer eyJ0eXAiOiJKV1QiLCJhbGciOiJIUzI1NiJ9.eyJpc3MiOiJod\",\n    \"Content-Type\" => \"application\/json\",\n    \"Accept\" => \"application\/json\",\n];\n\n\n$ch = curl_init(\"https:\/\/app.dbfb.test\/api\/contacts\");\ncurl_setopt($ch, CURLOPT_HTTPHEADER, $headers);\ncurl_setopt($ch, CURLOPT_RETURNTRANSFER, true);\n\n$result = curl_exec($ch);\n$err = curl_error($ch);\ncurl_close($ch);\n\nif ($err) {\n  throw \\Exception($err);\n} else {\n  return $response;\n}\n"}]},"post":{"security":[{"BearerAuth":[]}],"tags":["Contacts"],"operationId":"Store Contact","description":"Storing a contact to the system to send messages to. Token Permissions may prevent this from working.","requestBody":{"description":"Storing a contact to the system to send messages to. Token Permissions may prevent this from working.","required":true,"content":{"application\/json":{"schema":{"type":"object","required":["opt_in","number","country_code"],"properties":{"opt_in":{"type":"boolean","example":true,"description":"if the customer is opted in to receive messages."},"number":{"type":"integer","example":3,"description":"Number for customer without the +44 or first 0."},"country_code":{"type":"integer","example":2,"description":"The country code for this number eg: 44 is UK"}},"example":{"opt_in":true,"number":3,"country_code":2}}}}},"parameters":[{"in":"header","name":"Content-Type","description":"","required":true,"schema":{"type":"string","default":"application\/json","example":"application\/json"}},{"in":"header","name":"Accept","description":"","required":true,"schema":{"type":"string","default":"application\/json","example":"application\/json"}}],"responses":{"200":{"description":"success","content":{"application\/json":{"schema":{"type":"object","example":{"status":201,"success":true,"data":{"id":6,"country_code":44,"number":7852586219,"opted_in":false,"created_at":"2023-09-26T13:14:23.000000Z","updated_at":"2023-09-26T13:14:23.000000Z"}}}}}}},"x-code-samples":[{"lang":"Bash","source":"curl -X POST \"https:\/\/app.dbfb.test\/api\/contacts\" \\\n    -H \"Authorization: Bearer eyJ0eXAiOiJKV1QiLCJhbGciOiJIUzI1NiJ9.eyJpc3MiOiJod\" \\\n    -H \"Content-Type: application\/json\" \\\n    -H \"Accept: application\/json\" \\\n\n    -d \"opt_in\"=\"1\" \\\n    -d \"number\"=\"3\" \\\n    -d \"country_code\"=\"2\" "},{"lang":"Javascript","source":"const url = new URL(\"https:\/\/app.dbfb.test\/api\/contacts\");\n\nlet headers = {\n    \"Authorization\": \"Bearer eyJ0eXAiOiJKV1QiLCJhbGciOiJIUzI1NiJ9.eyJpc3MiOiJod\",\n    \"Content-Type\": \"application\/json\",\n    \"Accept\": \"application\/json\",\n}\n\nlet body = JSON.stringify({\n    \"opt_in\": \"1\",\n    \"number\": \"3\",\n    \"country_code\": \"2\",\n})\n\nfetch(url, {\n    method: \"POST\",\n    headers: headers,\n    body: body\n})\n    .then(response => response.json())\n    .then(json => console.log(json));\n"},{"lang":"PHP","source":"$headers = [\n    \"Authorization\" => \"Bearer eyJ0eXAiOiJKV1QiLCJhbGciOiJIUzI1NiJ9.eyJpc3MiOiJod\",\n    \"Content-Type\" => \"application\/json\",\n    \"Accept\" => \"application\/json\",\n];\n\n$body = [\n    \"opt_in\" =>  \"1\",\n    \"number\" =>  \"3\",\n    \"country_code\" =>  \"2\",\n];\n\n\n$ch = curl_init(\"https:\/\/app.dbfb.test\/api\/contacts\");\ncurl_setopt($ch, CURLOPT_CUSTOMREQUEST, \"POST\");\ncurl_setopt($ch, CURLOPT_POSTFIELDS, $body);\ncurl_setopt($ch, CURLOPT_HTTPHEADER, $headers);\ncurl_setopt($ch, CURLOPT_RETURNTRANSFER, true);\n\n$result = curl_exec($ch);\n$err = curl_error($ch);\ncurl_close($ch);\n\nif ($err) {\n  throw \\Exception($err);\n} else {\n  return $response;\n}\n"}]}},"\/api\/contacts\/{id}":{"get":{"security":[{"BearerAuth":[]}],"tags":["Contacts"],"operationId":"Get Contact","description":"Show a specific from the current department. Token Permissions may prevent this from working.","parameters":[{"in":"path","name":"id","description":"The id of the contact required","required":true,"schema":{"type":"integer","example":19}},{"in":"header","name":"Accept","description":"","required":true,"schema":{"type":"string","default":"application\/json","example":"application\/json"}}],"responses":{"200":{"description":"success","content":{"application\/json":{"schema":{"type":"object","example":{"status":200,"success":true,"data":{"id":6,"country_code":44,"number":7852586219,"opted_in":false,"created_at":"2023-09-26T13:14:23.000000Z","updated_at":"2023-09-26T13:14:23.000000Z"}}}}}}},"x-code-samples":[{"lang":"Bash","source":"curl -X GET -G \"https:\/\/app.dbfb.test\/api\/contacts\/{id}\" \\\n    -H \"Authorization: Bearer eyJ0eXAiOiJKV1QiLCJhbGciOiJIUzI1NiJ9.eyJpc3MiOiJod\" \\\n    -H \"Content-Type: application\/json\" \\\n    -H \"Accept: application\/json\"\n"},{"lang":"Javascript","source":"const url = new URL(\"https:\/\/app.dbfb.test\/api\/contacts\/{id}\");\n\nlet headers = {\n    \"Authorization\": \"Bearer eyJ0eXAiOiJKV1QiLCJhbGciOiJIUzI1NiJ9.eyJpc3MiOiJod\",\n    \"Content-Type\": \"application\/json\",\n    \"Accept\": \"application\/json\",\n}\n\nfetch(url, {\n    method: \"GET\",\n    headers: headers,\n})\n    .then(response => response.json())\n    .then(json => console.log(json));\n"},{"lang":"PHP","source":"$headers = [\n    \"Authorization\" => \"Bearer eyJ0eXAiOiJKV1QiLCJhbGciOiJIUzI1NiJ9.eyJpc3MiOiJod\",\n    \"Content-Type\" => \"application\/json\",\n    \"Accept\" => \"application\/json\",\n];\n\n\n$ch = curl_init(\"https:\/\/app.dbfb.test\/api\/contacts\/{id}\");\ncurl_setopt($ch, CURLOPT_HTTPHEADER, $headers);\ncurl_setopt($ch, CURLOPT_RETURNTRANSFER, true);\n\n$result = curl_exec($ch);\n$err = curl_error($ch);\ncurl_close($ch);\n\nif ($err) {\n  throw \\Exception($err);\n} else {\n  return $response;\n}\n"}]},"put":{"security":[{"BearerAuth":[]}],"tags":["Contacts"],"operationId":"Update Contact","description":"update a contact to the system. Token Permissions may prevent this from working.","requestBody":{"description":"update a contact to the system. Token Permissions may prevent this from working.","required":true,"content":{"application\/json":{"schema":{"type":"object","required":["opt_in","number","country_code"],"properties":{"opt_in":{"type":"boolean","example":true,"description":"if the customer is opted in to receive messages."},"number":{"type":"integer","example":16,"description":"Number for customer without the +44 or first 0."},"country_code":{"type":"integer","example":17,"description":"The country code for this number eg: 44 is UK"}},"example":{"opt_in":true,"number":16,"country_code":17}}}}},"parameters":[{"in":"path","name":"id","description":"The id of the contact required","required":true,"schema":{"type":"integer","example":2}},{"in":"header","name":"Accept","description":"","required":true,"schema":{"type":"string","default":"application\/json","example":"application\/json"}}],"responses":{"200":{"description":"success","content":{"application\/json":{"schema":{"type":"object","example":{"status":201,"success":true,"data":{"id":6,"country_code":44,"number":7852586219,"opted_in":false,"created_at":"2023-09-26T13:14:23.000000Z","updated_at":"2023-09-26T13:14:23.000000Z"}}}}}}},"x-code-samples":[{"lang":"Bash","source":"curl -X PUT \"https:\/\/app.dbfb.test\/api\/contacts\/{id}\" \\\n    -H \"Authorization: Bearer eyJ0eXAiOiJKV1QiLCJhbGciOiJIUzI1NiJ9.eyJpc3MiOiJod\" \\\n    -H \"Content-Type: application\/json\" \\\n    -H \"Accept: application\/json\" \\\n\n    -d \"opt_in\"=\"1\" \\\n    -d \"number\"=\"16\" \\\n    -d \"country_code\"=\"17\" "},{"lang":"Javascript","source":"const url = new URL(\"https:\/\/app.dbfb.test\/api\/contacts\/{id}\");\n\nlet headers = {\n    \"Authorization\": \"Bearer eyJ0eXAiOiJKV1QiLCJhbGciOiJIUzI1NiJ9.eyJpc3MiOiJod\",\n    \"Content-Type\": \"application\/json\",\n    \"Accept\": \"application\/json\",\n}\n\nlet body = JSON.stringify({\n    \"opt_in\": \"1\",\n    \"number\": \"16\",\n    \"country_code\": \"17\",\n})\n\nfetch(url, {\n    method: \"PUT\",\n    headers: headers,\n    body: body\n})\n    .then(response => response.json())\n    .then(json => console.log(json));\n"},{"lang":"PHP","source":"$headers = [\n    \"Authorization\" => \"Bearer eyJ0eXAiOiJKV1QiLCJhbGciOiJIUzI1NiJ9.eyJpc3MiOiJod\",\n    \"Content-Type\" => \"application\/json\",\n    \"Accept\" => \"application\/json\",\n];\n\n$body = [\n    \"opt_in\" =>  \"1\",\n    \"number\" =>  \"16\",\n    \"country_code\" =>  \"17\",\n];\n\n\n$ch = curl_init(\"https:\/\/app.dbfb.test\/api\/contacts\/{id}\");\ncurl_setopt($ch, CURLOPT_CUSTOMREQUEST, \"PUT\");\ncurl_setopt($ch, CURLOPT_HTTPHEADER, $headers);\ncurl_setopt($ch, CURLOPT_RETURNTRANSFER, true);\n\n$result = curl_exec($ch);\n$err = curl_error($ch);\ncurl_close($ch);\n\nif ($err) {\n  throw \\Exception($err);\n} else {\n  return $response;\n}\n"}]},"delete":{"security":[{"BearerAuth":[]}],"tags":["Contacts"],"operationId":"Delete Contact","description":"Remove a specific from the current department. Token Permissions may prevent this from working.","parameters":[{"in":"path","name":"id","description":"The id of the contact required","required":true,"schema":{"type":"integer","example":17}},{"in":"header","name":"Accept","description":"","required":true,"schema":{"type":"string","default":"application\/json","example":"application\/json"}}],"responses":{"200":{"description":"success","content":{"application\/json":{"schema":{"type":"object","example":{"status":200,"message":"contact removed"}}}}}},"x-code-samples":[{"lang":"Bash","source":"curl -X DELETE \"https:\/\/app.dbfb.test\/api\/contacts\/{id}\" \\\n    -H \"Authorization: Bearer eyJ0eXAiOiJKV1QiLCJhbGciOiJIUzI1NiJ9.eyJpc3MiOiJod\" \\\n    -H \"Content-Type: application\/json\" \\\n    -H \"Accept: application\/json\"\n"},{"lang":"Javascript","source":"const url = new URL(\"https:\/\/app.dbfb.test\/api\/contacts\/{id}\");\n\nlet headers = {\n    \"Authorization\": \"Bearer eyJ0eXAiOiJKV1QiLCJhbGciOiJIUzI1NiJ9.eyJpc3MiOiJod\",\n    \"Content-Type\": \"application\/json\",\n    \"Accept\": \"application\/json\",\n}\n\nfetch(url, {\n    method: \"DELETE\",\n    headers: headers,\n})\n    .then(response => response.json())\n    .then(json => console.log(json));\n"},{"lang":"PHP","source":"$headers = [\n    \"Authorization\" => \"Bearer eyJ0eXAiOiJKV1QiLCJhbGciOiJIUzI1NiJ9.eyJpc3MiOiJod\",\n    \"Content-Type\" => \"application\/json\",\n    \"Accept\" => \"application\/json\",\n];\n\n\n$ch = curl_init(\"https:\/\/app.dbfb.test\/api\/contacts\/{id}\");\ncurl_setopt($ch, CURLOPT_CUSTOMREQUEST, \"DELETE\");\ncurl_setopt($ch, CURLOPT_HTTPHEADER, $headers);\ncurl_setopt($ch, CURLOPT_RETURNTRANSFER, true);\n\n$result = curl_exec($ch);\n$err = curl_error($ch);\ncurl_close($ch);\n\nif ($err) {\n  throw \\Exception($err);\n} else {\n  return $response;\n}\n"}]}},"\/api\/groups":{"get":{"security":[{"BearerAuth":[]}],"tags":["Groups"],"operationId":"Groups","description":"Get a paginated list of groups from your current department. Token Permissions may prevent this from working.","parameters":[{"in":"header","name":"Content-Type","description":"","required":true,"schema":{"type":"string","default":"application\/json","example":"application\/json"}},{"in":"header","name":"Accept","description":"","required":true,"schema":{"type":"string","default":"application\/json","example":"application\/json"}}],"responses":{"200":{"description":"success","content":{"application\/json":{"schema":{"type":"object","example":[]}}}}},"x-code-samples":[{"lang":"Bash","source":"curl -X GET -G \"https:\/\/app.dbfb.test\/api\/groups\" \\\n    -H \"Authorization: Bearer eyJ0eXAiOiJKV1QiLCJhbGciOiJIUzI1NiJ9.eyJpc3MiOiJod\" \\\n    -H \"Content-Type: application\/json\" \\\n    -H \"Accept: application\/json\"\n"},{"lang":"Javascript","source":"const url = new URL(\"https:\/\/app.dbfb.test\/api\/groups\");\n\nlet headers = {\n    \"Authorization\": \"Bearer eyJ0eXAiOiJKV1QiLCJhbGciOiJIUzI1NiJ9.eyJpc3MiOiJod\",\n    \"Content-Type\": \"application\/json\",\n    \"Accept\": \"application\/json\",\n}\n\nfetch(url, {\n    method: \"GET\",\n    headers: headers,\n})\n    .then(response => response.json())\n    .then(json => console.log(json));\n"},{"lang":"PHP","source":"$headers = [\n    \"Authorization\" => \"Bearer eyJ0eXAiOiJKV1QiLCJhbGciOiJIUzI1NiJ9.eyJpc3MiOiJod\",\n    \"Content-Type\" => \"application\/json\",\n    \"Accept\" => \"application\/json\",\n];\n\n\n$ch = curl_init(\"https:\/\/app.dbfb.test\/api\/groups\");\ncurl_setopt($ch, CURLOPT_HTTPHEADER, $headers);\ncurl_setopt($ch, CURLOPT_RETURNTRANSFER, true);\n\n$result = curl_exec($ch);\n$err = curl_error($ch);\ncurl_close($ch);\n\nif ($err) {\n  throw \\Exception($err);\n} else {\n  return $response;\n}\n"}]}},"\/api\/group":{"post":{"security":[{"BearerAuth":[]}],"tags":["Contact Groups"],"operationId":"Create Group","description":"Creating group for contact grouping. Token Permissions may prevent this from working.","requestBody":{"description":"Creating group for contact grouping. Token Permissions may prevent this from working.","required":true,"content":{"application\/json":{"schema":{"type":"object"}}}},"parameters":[{"in":"header","name":"Content-Type","description":"","required":true,"schema":{"type":"string","default":"application\/json","example":"application\/json"}},{"in":"header","name":"Accept","description":"","required":true,"schema":{"type":"string","default":"application\/json","example":"application\/json"}}],"responses":{"200":{"description":"success","content":{"application\/json":{"schema":{"type":"object","example":{"status":201,"data":{"id":6,"name":44,"created_at":"2023-09-26T13:14:23.000000Z","updated_at":"2023-09-26T13:14:23.000000Z"}}}}}}},"x-code-samples":[{"lang":"Bash","source":"curl -X POST \"https:\/\/app.dbfb.test\/api\/group\" \\\n    -H \"Authorization: Bearer eyJ0eXAiOiJKV1QiLCJhbGciOiJIUzI1NiJ9.eyJpc3MiOiJod\" \\\n    -H \"Content-Type: application\/json\" \\\n    -H \"Accept: application\/json\"\n"},{"lang":"Javascript","source":"const url = new URL(\"https:\/\/app.dbfb.test\/api\/group\");\n\nlet headers = {\n    \"Authorization\": \"Bearer eyJ0eXAiOiJKV1QiLCJhbGciOiJIUzI1NiJ9.eyJpc3MiOiJod\",\n    \"Content-Type\": \"application\/json\",\n    \"Accept\": \"application\/json\",\n}\n\nfetch(url, {\n    method: \"POST\",\n    headers: headers,\n})\n    .then(response => response.json())\n    .then(json => console.log(json));\n"},{"lang":"PHP","source":"$headers = [\n    \"Authorization\" => \"Bearer eyJ0eXAiOiJKV1QiLCJhbGciOiJIUzI1NiJ9.eyJpc3MiOiJod\",\n    \"Content-Type\" => \"application\/json\",\n    \"Accept\" => \"application\/json\",\n];\n\n\n$ch = curl_init(\"https:\/\/app.dbfb.test\/api\/group\");\ncurl_setopt($ch, CURLOPT_CUSTOMREQUEST, \"POST\");\ncurl_setopt($ch, CURLOPT_HTTPHEADER, $headers);\ncurl_setopt($ch, CURLOPT_RETURNTRANSFER, true);\n\n$result = curl_exec($ch);\n$err = curl_error($ch);\ncurl_close($ch);\n\nif ($err) {\n  throw \\Exception($err);\n} else {\n  return $response;\n}\n"}]}},"\/api\/group\/{id}":{"delete":{"security":[{"BearerAuth":[]}],"tags":["Contact Groups"],"operationId":"Delete Group","description":"Remove a specific contact group. Token Permissions may prevent this from working.","parameters":[{"in":"path","name":"id","description":"The id of the group required","required":true,"schema":{"type":"integer","example":9}},{"in":"header","name":"Accept","description":"","required":true,"schema":{"type":"string","default":"application\/json","example":"application\/json"}}],"responses":{"200":{"description":"success","content":{"application\/json":{"schema":{"type":"object","example":{"status":200,"message":"group removed"}}}}}},"x-code-samples":[{"lang":"Bash","source":"curl -X DELETE \"https:\/\/app.dbfb.test\/api\/group\/{id}\" \\\n    -H \"Authorization: Bearer eyJ0eXAiOiJKV1QiLCJhbGciOiJIUzI1NiJ9.eyJpc3MiOiJod\" \\\n    -H \"Content-Type: application\/json\" \\\n    -H \"Accept: application\/json\"\n"},{"lang":"Javascript","source":"const url = new URL(\"https:\/\/app.dbfb.test\/api\/group\/{id}\");\n\nlet headers = {\n    \"Authorization\": \"Bearer eyJ0eXAiOiJKV1QiLCJhbGciOiJIUzI1NiJ9.eyJpc3MiOiJod\",\n    \"Content-Type\": \"application\/json\",\n    \"Accept\": \"application\/json\",\n}\n\nfetch(url, {\n    method: \"DELETE\",\n    headers: headers,\n})\n    .then(response => response.json())\n    .then(json => console.log(json));\n"},{"lang":"PHP","source":"$headers = [\n    \"Authorization\" => \"Bearer eyJ0eXAiOiJKV1QiLCJhbGciOiJIUzI1NiJ9.eyJpc3MiOiJod\",\n    \"Content-Type\" => \"application\/json\",\n    \"Accept\" => \"application\/json\",\n];\n\n\n$ch = curl_init(\"https:\/\/app.dbfb.test\/api\/group\/{id}\");\ncurl_setopt($ch, CURLOPT_CUSTOMREQUEST, \"DELETE\");\ncurl_setopt($ch, CURLOPT_HTTPHEADER, $headers);\ncurl_setopt($ch, CURLOPT_RETURNTRANSFER, true);\n\n$result = curl_exec($ch);\n$err = curl_error($ch);\ncurl_close($ch);\n\nif ($err) {\n  throw \\Exception($err);\n} else {\n  return $response;\n}\n"}]}},"\/api\/group-contact\/{groupId}":{"post":{"security":[{"BearerAuth":[]}],"tags":["Contact Groups"],"operationId":"Move To Group","description":"Move contacts to a specific contact group. Token Permissions may prevent this from working.","requestBody":{"description":"Move contacts to a specific contact group. Token Permissions may prevent this from working.","required":true,"content":{"application\/json":{"schema":{"type":"object"}}}},"parameters":[{"in":"path","name":"id","description":"The id of the group required","required":true,"schema":{"type":"integer","example":4}},{"in":"header","name":"Accept","description":"","required":true,"schema":{"type":"string","default":"application\/json","example":"application\/json"}}],"responses":{"200":{"description":"success","content":{"application\/json":{"schema":{"type":"object","example":{"status":201,"message":"10 contacts moved"}}}}}},"x-code-samples":[{"lang":"Bash","source":"curl -X POST \"https:\/\/app.dbfb.test\/api\/group-contact\/{groupId}\" \\\n    -H \"Authorization: Bearer eyJ0eXAiOiJKV1QiLCJhbGciOiJIUzI1NiJ9.eyJpc3MiOiJod\" \\\n    -H \"Content-Type: application\/json\" \\\n    -H \"Accept: application\/json\"\n"},{"lang":"Javascript","source":"const url = new URL(\"https:\/\/app.dbfb.test\/api\/group-contact\/{groupId}\");\n\nlet headers = {\n    \"Authorization\": \"Bearer eyJ0eXAiOiJKV1QiLCJhbGciOiJIUzI1NiJ9.eyJpc3MiOiJod\",\n    \"Content-Type\": \"application\/json\",\n    \"Accept\": \"application\/json\",\n}\n\nfetch(url, {\n    method: \"POST\",\n    headers: headers,\n})\n    .then(response => response.json())\n    .then(json => console.log(json));\n"},{"lang":"PHP","source":"$headers = [\n    \"Authorization\" => \"Bearer eyJ0eXAiOiJKV1QiLCJhbGciOiJIUzI1NiJ9.eyJpc3MiOiJod\",\n    \"Content-Type\" => \"application\/json\",\n    \"Accept\" => \"application\/json\",\n];\n\n\n$ch = curl_init(\"https:\/\/app.dbfb.test\/api\/group-contact\/{groupId}\");\ncurl_setopt($ch, CURLOPT_CUSTOMREQUEST, \"POST\");\ncurl_setopt($ch, CURLOPT_HTTPHEADER, $headers);\ncurl_setopt($ch, CURLOPT_RETURNTRANSFER, true);\n\n$result = curl_exec($ch);\n$err = curl_error($ch);\ncurl_close($ch);\n\nif ($err) {\n  throw \\Exception($err);\n} else {\n  return $response;\n}\n"}]},"delete":{"security":[{"BearerAuth":[]}],"tags":["Contact Groups"],"operationId":"Remove From Group","description":"remove contacts from a specific contact group. Token Permissions may prevent this from working.","parameters":[{"in":"path","name":"id","description":"The id of the group required","required":true,"schema":{"type":"integer","example":12}},{"in":"header","name":"Accept","description":"","required":true,"schema":{"type":"string","default":"application\/json","example":"application\/json"}}],"responses":{"200":{"description":"success","content":{"application\/json":{"schema":{"type":"object","example":{"status":201,"message":"10 contacts removed from group"}}}}}},"x-code-samples":[{"lang":"Bash","source":"curl -X DELETE \"https:\/\/app.dbfb.test\/api\/group-contact\/{groupId}\" \\\n    -H \"Authorization: Bearer eyJ0eXAiOiJKV1QiLCJhbGciOiJIUzI1NiJ9.eyJpc3MiOiJod\" \\\n    -H \"Content-Type: application\/json\" \\\n    -H \"Accept: application\/json\"\n"},{"lang":"Javascript","source":"const url = new URL(\"https:\/\/app.dbfb.test\/api\/group-contact\/{groupId}\");\n\nlet headers = {\n    \"Authorization\": \"Bearer eyJ0eXAiOiJKV1QiLCJhbGciOiJIUzI1NiJ9.eyJpc3MiOiJod\",\n    \"Content-Type\": \"application\/json\",\n    \"Accept\": \"application\/json\",\n}\n\nfetch(url, {\n    method: \"DELETE\",\n    headers: headers,\n})\n    .then(response => response.json())\n    .then(json => console.log(json));\n"},{"lang":"PHP","source":"$headers = [\n    \"Authorization\" => \"Bearer eyJ0eXAiOiJKV1QiLCJhbGciOiJIUzI1NiJ9.eyJpc3MiOiJod\",\n    \"Content-Type\" => \"application\/json\",\n    \"Accept\" => \"application\/json\",\n];\n\n\n$ch = curl_init(\"https:\/\/app.dbfb.test\/api\/group-contact\/{groupId}\");\ncurl_setopt($ch, CURLOPT_CUSTOMREQUEST, \"DELETE\");\ncurl_setopt($ch, CURLOPT_HTTPHEADER, $headers);\ncurl_setopt($ch, CURLOPT_RETURNTRANSFER, true);\n\n$result = curl_exec($ch);\n$err = curl_error($ch);\ncurl_close($ch);\n\nif ($err) {\n  throw \\Exception($err);\n} else {\n  return $response;\n}\n"}]}},"\/api\/departments":{"get":{"security":[{"BearerAuth":[]}],"tags":["Departments"],"operationId":"List Departments","description":"Get a paginated list of Departments. Token Permissions may prevent this from working.","parameters":[{"in":"header","name":"Content-Type","description":"","required":true,"schema":{"type":"string","default":"application\/json","example":"application\/json"}},{"in":"header","name":"Accept","description":"","required":true,"schema":{"type":"string","default":"application\/json","example":"application\/json"}}],"responses":{"200":{"description":"success","content":{"application\/json":{"schema":{"type":"object","example":[]}}}}},"x-code-samples":[{"lang":"Bash","source":"curl -X GET -G \"https:\/\/app.dbfb.test\/api\/departments\" \\\n    -H \"Authorization: Bearer eyJ0eXAiOiJKV1QiLCJhbGciOiJIUzI1NiJ9.eyJpc3MiOiJod\" \\\n    -H \"Content-Type: application\/json\" \\\n    -H \"Accept: application\/json\"\n"},{"lang":"Javascript","source":"const url = new URL(\"https:\/\/app.dbfb.test\/api\/departments\");\n\nlet headers = {\n    \"Authorization\": \"Bearer eyJ0eXAiOiJKV1QiLCJhbGciOiJIUzI1NiJ9.eyJpc3MiOiJod\",\n    \"Content-Type\": \"application\/json\",\n    \"Accept\": \"application\/json\",\n}\n\nfetch(url, {\n    method: \"GET\",\n    headers: headers,\n})\n    .then(response => response.json())\n    .then(json => console.log(json));\n"},{"lang":"PHP","source":"$headers = [\n    \"Authorization\" => \"Bearer eyJ0eXAiOiJKV1QiLCJhbGciOiJIUzI1NiJ9.eyJpc3MiOiJod\",\n    \"Content-Type\" => \"application\/json\",\n    \"Accept\" => \"application\/json\",\n];\n\n\n$ch = curl_init(\"https:\/\/app.dbfb.test\/api\/departments\");\ncurl_setopt($ch, CURLOPT_HTTPHEADER, $headers);\ncurl_setopt($ch, CURLOPT_RETURNTRANSFER, true);\n\n$result = curl_exec($ch);\n$err = curl_error($ch);\ncurl_close($ch);\n\nif ($err) {\n  throw \\Exception($err);\n} else {\n  return $response;\n}\n"}]}},"\/api\/departments\/{id}":{"post":{"security":[{"BearerAuth":[]}],"tags":["Departments"],"operationId":"Change Departments","description":"Change to a different department. Token Permissions may prevent this from working.","requestBody":{"description":"Change to a different department. Token Permissions may prevent this from working.","required":true,"content":{"application\/json":{"schema":{"type":"object","required":["departmentId"],"properties":{"departmentId":{"type":"integer","example":20,"description":"ID of department to change too."}},"example":{"departmentId":20}}}}},"parameters":[{"in":"header","name":"Content-Type","description":"","required":true,"schema":{"type":"string","default":"application\/json","example":"application\/json"}},{"in":"header","name":"Accept","description":"","required":true,"schema":{"type":"string","default":"application\/json","example":"application\/json"}}],"responses":{"200":{"description":"success","content":{"application\/json":{"schema":{"type":"object","example":[]}}}}},"x-code-samples":[{"lang":"Bash","source":"curl -X POST \"https:\/\/app.dbfb.test\/api\/departments\/{id}\" \\\n    -H \"Authorization: Bearer eyJ0eXAiOiJKV1QiLCJhbGciOiJIUzI1NiJ9.eyJpc3MiOiJod\" \\\n    -H \"Content-Type: application\/json\" \\\n    -H \"Accept: application\/json\" \\\n\n    -d \"departmentId\"=\"20\" "},{"lang":"Javascript","source":"const url = new URL(\"https:\/\/app.dbfb.test\/api\/departments\/{id}\");\n\nlet headers = {\n    \"Authorization\": \"Bearer eyJ0eXAiOiJKV1QiLCJhbGciOiJIUzI1NiJ9.eyJpc3MiOiJod\",\n    \"Content-Type\": \"application\/json\",\n    \"Accept\": \"application\/json\",\n}\n\nlet body = JSON.stringify({\n    \"departmentId\": \"20\",\n})\n\nfetch(url, {\n    method: \"POST\",\n    headers: headers,\n    body: body\n})\n    .then(response => response.json())\n    .then(json => console.log(json));\n"},{"lang":"PHP","source":"$headers = [\n    \"Authorization\" => \"Bearer eyJ0eXAiOiJKV1QiLCJhbGciOiJIUzI1NiJ9.eyJpc3MiOiJod\",\n    \"Content-Type\" => \"application\/json\",\n    \"Accept\" => \"application\/json\",\n];\n\n$body = [\n    \"departmentId\" =>  \"20\",\n];\n\n\n$ch = curl_init(\"https:\/\/app.dbfb.test\/api\/departments\/{id}\");\ncurl_setopt($ch, CURLOPT_CUSTOMREQUEST, \"POST\");\ncurl_setopt($ch, CURLOPT_POSTFIELDS, $body);\ncurl_setopt($ch, CURLOPT_HTTPHEADER, $headers);\ncurl_setopt($ch, CURLOPT_RETURNTRANSFER, true);\n\n$result = curl_exec($ch);\n$err = curl_error($ch);\ncurl_close($ch);\n\nif ($err) {\n  throw \\Exception($err);\n} else {\n  return $response;\n}\n"}]}},"\/api\/campaigns":{"get":{"security":[{"BearerAuth":[]}],"tags":["SMS"],"operationId":"Campaign List","description":"Get a paginated list of users from your campaigns. Token Permissions may prevent this from working.","parameters":[{"in":"header","name":"Content-Type","description":"","required":true,"schema":{"type":"string","default":"application\/json","example":"application\/json"}},{"in":"header","name":"Accept","description":"","required":true,"schema":{"type":"string","default":"application\/json","example":"application\/json"}}],"responses":{"200":{"description":"success","content":{"application\/json":{"schema":{"type":"object","example":{"message":"Unauthenticated."}}}}}},"x-code-samples":[{"lang":"Bash","source":"curl -X GET -G \"https:\/\/app.dbfb.test\/api\/campaigns\" \\\n    -H \"Authorization: Bearer eyJ0eXAiOiJKV1QiLCJhbGciOiJIUzI1NiJ9.eyJpc3MiOiJod\" \\\n    -H \"Content-Type: application\/json\" \\\n    -H \"Accept: application\/json\"\n"},{"lang":"Javascript","source":"const url = new URL(\"https:\/\/app.dbfb.test\/api\/campaigns\");\n\nlet headers = {\n    \"Authorization\": \"Bearer eyJ0eXAiOiJKV1QiLCJhbGciOiJIUzI1NiJ9.eyJpc3MiOiJod\",\n    \"Content-Type\": \"application\/json\",\n    \"Accept\": \"application\/json\",\n}\n\nfetch(url, {\n    method: \"GET\",\n    headers: headers,\n})\n    .then(response => response.json())\n    .then(json => console.log(json));\n"},{"lang":"PHP","source":"$headers = [\n    \"Authorization\" => \"Bearer eyJ0eXAiOiJKV1QiLCJhbGciOiJIUzI1NiJ9.eyJpc3MiOiJod\",\n    \"Content-Type\" => \"application\/json\",\n    \"Accept\" => \"application\/json\",\n];\n\n\n$ch = curl_init(\"https:\/\/app.dbfb.test\/api\/campaigns\");\ncurl_setopt($ch, CURLOPT_HTTPHEADER, $headers);\ncurl_setopt($ch, CURLOPT_RETURNTRANSFER, true);\n\n$result = curl_exec($ch);\n$err = curl_error($ch);\ncurl_close($ch);\n\nif ($err) {\n  throw \\Exception($err);\n} else {\n  return $response;\n}\n"}]}},"\/api\/campaigns\/{id}":{"get":{"security":[{"BearerAuth":[]}],"tags":["SMS"],"operationId":"View A Campaign","description":"Show specific campaign information. Token Permissions may prevent this from working.","parameters":[{"in":"path","name":"id","description":"The id of the campaign required","required":true,"schema":{"type":"integer","example":20}},{"in":"header","name":"Accept","description":"","required":true,"schema":{"type":"string","default":"application\/json","example":"application\/json"}}],"responses":{"200":{"description":"success","content":{"application\/json":{"schema":{"type":"object","example":{"message":"Unauthenticated."}}}}}},"x-code-samples":[{"lang":"Bash","source":"curl -X GET -G \"https:\/\/app.dbfb.test\/api\/campaigns\/{id}\" \\\n    -H \"Authorization: Bearer eyJ0eXAiOiJKV1QiLCJhbGciOiJIUzI1NiJ9.eyJpc3MiOiJod\" \\\n    -H \"Content-Type: application\/json\" \\\n    -H \"Accept: application\/json\"\n"},{"lang":"Javascript","source":"const url = new URL(\"https:\/\/app.dbfb.test\/api\/campaigns\/{id}\");\n\nlet headers = {\n    \"Authorization\": \"Bearer eyJ0eXAiOiJKV1QiLCJhbGciOiJIUzI1NiJ9.eyJpc3MiOiJod\",\n    \"Content-Type\": \"application\/json\",\n    \"Accept\": \"application\/json\",\n}\n\nfetch(url, {\n    method: \"GET\",\n    headers: headers,\n})\n    .then(response => response.json())\n    .then(json => console.log(json));\n"},{"lang":"PHP","source":"$headers = [\n    \"Authorization\" => \"Bearer eyJ0eXAiOiJKV1QiLCJhbGciOiJIUzI1NiJ9.eyJpc3MiOiJod\",\n    \"Content-Type\" => \"application\/json\",\n    \"Accept\" => \"application\/json\",\n];\n\n\n$ch = curl_init(\"https:\/\/app.dbfb.test\/api\/campaigns\/{id}\");\ncurl_setopt($ch, CURLOPT_HTTPHEADER, $headers);\ncurl_setopt($ch, CURLOPT_RETURNTRANSFER, true);\n\n$result = curl_exec($ch);\n$err = curl_error($ch);\ncurl_close($ch);\n\nif ($err) {\n  throw \\Exception($err);\n} else {\n  return $response;\n}\n"}]}},"\/api\/campaign":{"post":{"security":[{"BearerAuth":[]}],"tags":["SMS"],"operationId":"Send Single SMS","description":"Single SMS Sending. Token Permissions may prevent this from working.","requestBody":{"description":"Single SMS Sending. Token Permissions may prevent this from working.","required":true,"content":{"application\/json":{"schema":{"type":"object","required":["name","sender_id","message","country_code","number","send_date","send_time"],"properties":{"name":{"type":"string","example":"${tKO#1>5h0$","description":"The name of the campaign for referencing"},"sender_id":{"type":"integer","example":20,"description":"The Sender id"},"message":{"type":"string","example":"f%,YqrMLarN\/","description":"The message to send"},"country_code":{"type":"integer","example":7,"description":"The country code number without +"},"number":{"type":"integer","example":2,"description":"Number of contact without first 0 or +44"},"send_date":{"type":"string","example":"E>e8@B#,XRn-","description":"Send Date of the campaign. Format d-m-Y eg: 01-12-2021"},"send_time":{"type":"string","example":"O)[Kh_Gco*,D","description":"Send Time of the campaign. Format eg: 10:40"}},"example":{"name":"${tKO#1>5h0$","sender_id":20,"message":"f%,YqrMLarN\/","country_code":7,"number":2,"send_date":"E>e8@B#,XRn-","send_time":"O)[Kh_Gco*,D"}}}}},"parameters":[{"in":"header","name":"Content-Type","description":"","required":true,"schema":{"type":"string","default":"application\/json","example":"application\/json"}},{"in":"header","name":"Accept","description":"","required":true,"schema":{"type":"string","default":"application\/json","example":"application\/json"}}],"responses":{"200":{"description":"success","content":{"application\/json":{"schema":{"type":"object","example":{"message":"Unauthenticated."}}}}}},"x-code-samples":[{"lang":"Bash","source":"curl -X POST \"https:\/\/app.dbfb.test\/api\/campaign\" \\\n    -H \"Authorization: Bearer eyJ0eXAiOiJKV1QiLCJhbGciOiJIUzI1NiJ9.eyJpc3MiOiJod\" \\\n    -H \"Content-Type: application\/json\" \\\n    -H \"Accept: application\/json\" \\\n\n    -d \"name\"=\"${tKO#1>5h0$\" \\\n    -d \"sender_id\"=\"20\" \\\n    -d \"message\"=\"f%,YqrMLarN\/\" \\\n    -d \"country_code\"=\"7\" \\\n    -d \"number\"=\"2\" \\\n    -d \"send_date\"=\"E>e8@B#,XRn-\" \\\n    -d \"send_time\"=\"O)[Kh_Gco*,D\" "},{"lang":"Javascript","source":"const url = new URL(\"https:\/\/app.dbfb.test\/api\/campaign\");\n\nlet headers = {\n    \"Authorization\": \"Bearer eyJ0eXAiOiJKV1QiLCJhbGciOiJIUzI1NiJ9.eyJpc3MiOiJod\",\n    \"Content-Type\": \"application\/json\",\n    \"Accept\": \"application\/json\",\n}\n\nlet body = JSON.stringify({\n    \"name\": \"${tKO#1&gt;5h0$\",\n    \"sender_id\": \"20\",\n    \"message\": \"f%,YqrMLarN\/\",\n    \"country_code\": \"7\",\n    \"number\": \"2\",\n    \"send_date\": \"E&gt;e8@B#,XRn-\",\n    \"send_time\": \"O)[Kh_Gco*,D\",\n})\n\nfetch(url, {\n    method: \"POST\",\n    headers: headers,\n    body: body\n})\n    .then(response => response.json())\n    .then(json => console.log(json));\n"},{"lang":"PHP","source":"$headers = [\n    \"Authorization\" => \"Bearer eyJ0eXAiOiJKV1QiLCJhbGciOiJIUzI1NiJ9.eyJpc3MiOiJod\",\n    \"Content-Type\" => \"application\/json\",\n    \"Accept\" => \"application\/json\",\n];\n\n$body = [\n    \"name\" =>  \"${tKO#1&gt;5h0$\",\n    \"sender_id\" =>  \"20\",\n    \"message\" =>  \"f%,YqrMLarN\/\",\n    \"country_code\" =>  \"7\",\n    \"number\" =>  \"2\",\n    \"send_date\" =>  \"E&gt;e8@B#,XRn-\",\n    \"send_time\" =>  \"O)[Kh_Gco*,D\",\n];\n\n\n$ch = curl_init(\"https:\/\/app.dbfb.test\/api\/campaign\");\ncurl_setopt($ch, CURLOPT_CUSTOMREQUEST, \"POST\");\ncurl_setopt($ch, CURLOPT_POSTFIELDS, $body);\ncurl_setopt($ch, CURLOPT_HTTPHEADER, $headers);\ncurl_setopt($ch, CURLOPT_RETURNTRANSFER, true);\n\n$result = curl_exec($ch);\n$err = curl_error($ch);\ncurl_close($ch);\n\nif ($err) {\n  throw \\Exception($err);\n} else {\n  return $response;\n}\n"}]}},"\/api\/campaign\/bulk":{"post":{"security":[{"BearerAuth":[]}],"tags":["SMS"],"operationId":"BULK Send SMS","description":"Sending Bulk SMS  requires contacts to be a part of a group. Token Permissions may prevent this from working.","requestBody":{"description":"Sending Bulk SMS  requires contacts to be a part of a group. Token Permissions may prevent this from working.","required":true,"content":{"application\/json":{"schema":{"type":"object","required":["name","group_id","sender_id","message","opt_out","send_date","send_time"],"properties":{"name":{"type":"string","example":"df|u8`Rx.%pG","description":"The name of the campaign for referencing"},"group_id":{"type":"integer","example":2,"description":"The Group id"},"sender_id":{"type":"integer","example":5,"description":"The Sender id"},"message":{"type":"string","example":"B\\wTi?e{F%k*","description":"The message to send"},"opt_out":{"type":"boolean","example":true,"description":"Include system set opt out url"},"send_date":{"type":"string","example":"xo[ls{cf%f\"M","description":"Send Date of the campaign. Format d-m-Y eg: 01-12-2021"},"send_time":{"type":"string","example":"|?yRXs{UvMq3","description":"Send Time of the campaign. Format eg: 10:40"}},"example":{"name":"df|u8`Rx.%pG","group_id":2,"sender_id":5,"message":"B\\wTi?e{F%k*","opt_out":true,"send_date":"xo[ls{cf%f\"M","send_time":"|?yRXs{UvMq3"}}}}},"parameters":[{"in":"header","name":"Content-Type","description":"","required":true,"schema":{"type":"string","default":"application\/json","example":"application\/json"}},{"in":"header","name":"Accept","description":"","required":true,"schema":{"type":"string","default":"application\/json","example":"application\/json"}}],"responses":{"200":{"description":"success","content":{"application\/json":{"schema":{"type":"object","example":{"message":"Unauthenticated."}}}}}},"x-code-samples":[{"lang":"Bash","source":"curl -X POST \"https:\/\/app.dbfb.test\/api\/campaign\/bulk\" \\\n    -H \"Authorization: Bearer eyJ0eXAiOiJKV1QiLCJhbGciOiJIUzI1NiJ9.eyJpc3MiOiJod\" \\\n    -H \"Content-Type: application\/json\" \\\n    -H \"Accept: application\/json\" \\\n\n    -d \"name\"=\"df|u8`Rx.%pG\" \\\n    -d \"group_id\"=\"2\" \\\n    -d \"sender_id\"=\"5\" \\\n    -d \"message\"=\"B\\wTi?e{F%k*\" \\\n    -d \"opt_out\"=\"1\" \\\n    -d \"send_date\"=\"xo[ls{cf%f\"M\" \\\n    -d \"send_time\"=\"|?yRXs{UvMq3\" "},{"lang":"Javascript","source":"const url = new URL(\"https:\/\/app.dbfb.test\/api\/campaign\/bulk\");\n\nlet headers = {\n    \"Authorization\": \"Bearer eyJ0eXAiOiJKV1QiLCJhbGciOiJIUzI1NiJ9.eyJpc3MiOiJod\",\n    \"Content-Type\": \"application\/json\",\n    \"Accept\": \"application\/json\",\n}\n\nlet body = JSON.stringify({\n    \"name\": \"df|u8`Rx.%pG\",\n    \"group_id\": \"2\",\n    \"sender_id\": \"5\",\n    \"message\": \"B\\wTi?e{F%k*\",\n    \"opt_out\": \"1\",\n    \"send_date\": \"xo[ls{cf%f&quot;M\",\n    \"send_time\": \"|?yRXs{UvMq3\",\n})\n\nfetch(url, {\n    method: \"POST\",\n    headers: headers,\n    body: body\n})\n    .then(response => response.json())\n    .then(json => console.log(json));\n"},{"lang":"PHP","source":"$headers = [\n    \"Authorization\" => \"Bearer eyJ0eXAiOiJKV1QiLCJhbGciOiJIUzI1NiJ9.eyJpc3MiOiJod\",\n    \"Content-Type\" => \"application\/json\",\n    \"Accept\" => \"application\/json\",\n];\n\n$body = [\n    \"name\" =>  \"df|u8`Rx.%pG\",\n    \"group_id\" =>  \"2\",\n    \"sender_id\" =>  \"5\",\n    \"message\" =>  \"B\\wTi?e{F%k*\",\n    \"opt_out\" =>  \"1\",\n    \"send_date\" =>  \"xo[ls{cf%f&quot;M\",\n    \"send_time\" =>  \"|?yRXs{UvMq3\",\n];\n\n\n$ch = curl_init(\"https:\/\/app.dbfb.test\/api\/campaign\/bulk\");\ncurl_setopt($ch, CURLOPT_CUSTOMREQUEST, \"POST\");\ncurl_setopt($ch, CURLOPT_POSTFIELDS, $body);\ncurl_setopt($ch, CURLOPT_HTTPHEADER, $headers);\ncurl_setopt($ch, CURLOPT_RETURNTRANSFER, true);\n\n$result = curl_exec($ch);\n$err = curl_error($ch);\ncurl_close($ch);\n\nif ($err) {\n  throw \\Exception($err);\n} else {\n  return $response;\n}\n"}]}},"\/api\/campaign\/{id}":{"delete":{"security":[{"BearerAuth":[]}],"tags":["SMS"],"operationId":"Delete Campaign","description":"Remove a specific campaign. Token Permissions may prevent this from working.","parameters":[{"in":"path","name":"id","description":"The id of the campaign required","required":true,"schema":{"type":"integer","example":9}},{"in":"header","name":"Accept","description":"","required":true,"schema":{"type":"string","default":"application\/json","example":"application\/json"}}],"responses":{"200":{"description":"success","content":{"application\/json":{"schema":{"type":"object","example":{"status":200,"message":"campaign removed"}}}}}},"x-code-samples":[{"lang":"Bash","source":"curl -X DELETE \"https:\/\/app.dbfb.test\/api\/campaign\/{id}\" \\\n    -H \"Authorization: Bearer eyJ0eXAiOiJKV1QiLCJhbGciOiJIUzI1NiJ9.eyJpc3MiOiJod\" \\\n    -H \"Content-Type: application\/json\" \\\n    -H \"Accept: application\/json\"\n"},{"lang":"Javascript","source":"const url = new URL(\"https:\/\/app.dbfb.test\/api\/campaign\/{id}\");\n\nlet headers = {\n    \"Authorization\": \"Bearer eyJ0eXAiOiJKV1QiLCJhbGciOiJIUzI1NiJ9.eyJpc3MiOiJod\",\n    \"Content-Type\": \"application\/json\",\n    \"Accept\": \"application\/json\",\n}\n\nfetch(url, {\n    method: \"DELETE\",\n    headers: headers,\n})\n    .then(response => response.json())\n    .then(json => console.log(json));\n"},{"lang":"PHP","source":"$headers = [\n    \"Authorization\" => \"Bearer eyJ0eXAiOiJKV1QiLCJhbGciOiJIUzI1NiJ9.eyJpc3MiOiJod\",\n    \"Content-Type\" => \"application\/json\",\n    \"Accept\" => \"application\/json\",\n];\n\n\n$ch = curl_init(\"https:\/\/app.dbfb.test\/api\/campaign\/{id}\");\ncurl_setopt($ch, CURLOPT_CUSTOMREQUEST, \"DELETE\");\ncurl_setopt($ch, CURLOPT_HTTPHEADER, $headers);\ncurl_setopt($ch, CURLOPT_RETURNTRANSFER, true);\n\n$result = curl_exec($ch);\n$err = curl_error($ch);\ncurl_close($ch);\n\nif ($err) {\n  throw \\Exception($err);\n} else {\n  return $response;\n}\n"}]}}},"x-tagGroups":[]}